{
  "all": {
    "avg_output_tokens": 16.0,
    "client_latency_ms": {
      "avg": 998.7857142857143,
      "p50": 580.0,
      "p95": 3335.0,
      "p99": 3850.0
    },
    "count": 140,
    "deadline_miss_rate": 0.0,
    "deadline_missed_count": 0,
    "queue_wait_ms": {
      "avg": 0.0,
      "p50": 0.0,
      "p95": 0.0,
      "p99": 0.0
    },
    "total_latency_ms": {
      "avg": 998.7857142857143,
      "p50": 580.0,
      "p95": 3335.0,
      "p99": 3850.0
    },
    "ttft_ms": {
      "avg": 998.7857142857143,
      "p50": 580.0,
      "p95": 3335.0,
      "p99": 3850.0
    }
  },
  "case": "agent_resume",
  "completed": 140,
  "failed": 0,
  "focus": {
    "avg_output_tokens": 64.0,
    "client_latency_ms": {
      "avg": 3160.9,
      "p50": 3080.0,
      "p95": 3860.0,
      "p99": 3860.0
    },
    "count": 20,
    "deadline_miss_rate": 0.0,
    "deadline_missed_count": 0,
    "queue_wait_ms": {
      "avg": 0.0,
      "p50": 0.0,
      "p95": 0.0,
      "p99": 0.0
    },
    "total_latency_ms": {
      "avg": 3160.9,
      "p50": 3080.0,
      "p95": 3860.0,
      "p99": 3860.0
    },
    "ttft_ms": {
      "avg": 3160.9,
      "p50": 3080.0,
      "p95": 3860.0,
      "p99": 3860.0
    }
  },
  "mode": "direct-openai",
  "total": 140
}
