{
  "all": {
    "avg_output_tokens": 201.14285714285714,
    "client_latency_ms": {
      "avg": 16289.780952380952,
      "p50": 20578.0,
      "p95": 28103.0,
      "p99": 28586.0
    },
    "count": 105,
    "deadline_miss_rate": 0.8380952380952381,
    "deadline_missed_count": 88,
    "queue_wait_ms": {
      "avg": 8391.695238095239,
      "p50": 10378.0,
      "p95": 18180.0,
      "p99": 20534.0
    },
    "total_latency_ms": {
      "avg": 16273.485714285714,
      "p50": 20568.0,
      "p95": 28088.0,
      "p99": 28568.0
    },
    "ttft_ms": {
      "avg": 7881.7904761904765,
      "p50": 10187.0,
      "p95": 10346.0,
      "p99": 10347.0
    }
  },
  "case": "codegen_decode_pressure",
  "completed": 105,
  "failed": 0,
  "focus": {
    "avg_output_tokens": 64.0,
    "client_latency_ms": {
      "avg": 3876.5333333333333,
      "p50": 2828.0,
      "p95": 5415.0,
      "p99": 5419.0
    },
    "count": 30,
    "deadline_miss_rate": 0.43333333333333335,
    "deadline_missed_count": 13,
    "queue_wait_ms": {
      "avg": 1196.6,
      "p50": 17.0,
      "p95": 2799.0,
      "p99": 2802.0
    },
    "total_latency_ms": {
      "avg": 3860.733333333333,
      "p50": 2797.0,
      "p95": 5399.0,
      "p99": 5402.0
    },
    "ttft_ms": {
      "avg": 2664.133333333333,
      "p50": 2612.0,
      "p95": 2784.0,
      "p99": 2784.0
    }
  },
  "mode": "runtime",
  "total": 105
}
