{
  "all": {
    "avg_output_tokens": 201.14285714285714,
    "client_latency_ms": {
      "avg": 16332.380952380952,
      "p50": 20683.0,
      "p95": 28487.0,
      "p99": 28612.0
    },
    "count": 105,
    "deadline_miss_rate": 0.8571428571428571,
    "deadline_missed_count": 90,
    "queue_wait_ms": {
      "avg": 8429.628571428571,
      "p50": 10469.0,
      "p95": 18380.0,
      "p99": 20519.0
    },
    "total_latency_ms": {
      "avg": 16314.32380952381,
      "p50": 20666.0,
      "p95": 28468.0,
      "p99": 28588.0
    },
    "ttft_ms": {
      "avg": 7884.695238095238,
      "p50": 10195.0,
      "p95": 10463.0,
      "p99": 10466.0
    }
  },
  "case": "codegen_decode_pressure",
  "completed": 105,
  "failed": 0,
  "focus": {
    "avg_output_tokens": 64.0,
    "client_latency_ms": {
      "avg": 4389.166666666667,
      "p50": 2933.0,
      "p95": 8019.0,
      "p99": 8136.0
    },
    "count": 30,
    "deadline_miss_rate": 0.5,
    "deadline_missed_count": 15,
    "queue_wait_ms": {
      "avg": 1685.5333333333333,
      "p50": 19.0,
      "p95": 5396.0,
      "p99": 5494.0
    },
    "total_latency_ms": {
      "avg": 4374.566666666667,
      "p50": 2915.0,
      "p95": 8011.0,
      "p99": 8108.0
    },
    "ttft_ms": {
      "avg": 2689.0333333333333,
      "p50": 2614.0,
      "p95": 2896.0,
      "p99": 2896.0
    }
  },
  "mode": "runtime",
  "total": 105
}
