{
  "all": {
    "avg_output_tokens": 201.14285714285714,
    "client_latency_ms": {
      "avg": 16905.628571428573,
      "p50": 19050.0,
      "p95": 28565.0,
      "p99": 28738.0
    },
    "count": 105,
    "deadline_miss_rate": 0.8571428571428571,
    "deadline_missed_count": 90,
    "queue_wait_ms": {
      "avg": 8834.542857142857,
      "p50": 10233.0,
      "p95": 18458.0,
      "p99": 20529.0
    },
    "total_latency_ms": {
      "avg": 16889.97142857143,
      "p50": 19037.0,
      "p95": 28549.0,
      "p99": 28720.0
    },
    "ttft_ms": {
      "avg": 8055.428571428572,
      "p50": 10195.0,
      "p95": 11150.0,
      "p99": 11151.0
    }
  },
  "case": "codegen_decode_pressure",
  "completed": 105,
  "failed": 0,
  "focus": {
    "avg_output_tokens": 64.0,
    "client_latency_ms": {
      "avg": 4866.233333333334,
      "p50": 2989.0,
      "p95": 5893.0,
      "p99": 12837.0
    },
    "count": 30,
    "deadline_miss_rate": 0.5,
    "deadline_missed_count": 15,
    "queue_wait_ms": {
      "avg": 1957.2333333333333,
      "p50": 55.0,
      "p95": 2958.0,
      "p99": 10233.0
    },
    "total_latency_ms": {
      "avg": 4852.233333333334,
      "p50": 2967.0,
      "p95": 5881.0,
      "p99": 12832.0
    },
    "ttft_ms": {
      "avg": 2895.0,
      "p50": 2914.0,
      "p95": 2939.0,
      "p99": 2939.0
    }
  },
  "mode": "runtime",
  "total": 105
}
