{
  "all": {
    "avg_output_tokens": 201.14285714285714,
    "client_latency_ms": {
      "avg": 21582.266666666666,
      "p50": 23192.0,
      "p95": 29440.0,
      "p99": 37226.0
    },
    "count": 105,
    "deadline_miss_rate": 0.9619047619047619,
    "deadline_missed_count": 101,
    "queue_wait_ms": {
      "avg": 11680.066666666668,
      "p50": 13840.0,
      "p95": 20696.0,
      "p99": 26850.0
    },
    "total_latency_ms": {
      "avg": 21568.41904761905,
      "p50": 23177.0,
      "p95": 29433.0,
      "p99": 37217.0
    },
    "ttft_ms": {
      "avg": 9888.352380952381,
      "p50": 10211.0,
      "p95": 18955.0,
      "p99": 18955.0
    }
  },
  "case": "codegen_decode_pressure",
  "completed": 105,
  "failed": 0,
  "focus": {
    "avg_output_tokens": 64.0,
    "client_latency_ms": {
      "avg": 10628.533333333333,
      "p50": 10899.0,
      "p95": 16478.0,
      "p99": 16479.0
    },
    "count": 30,
    "deadline_miss_rate": 0.8666666666666667,
    "deadline_missed_count": 26,
    "queue_wait_ms": {
      "avg": 5691.966666666666,
      "p50": 2982.0,
      "p95": 13841.0,
      "p99": 13843.0
    },
    "total_latency_ms": {
      "avg": 10615.6,
      "p50": 10887.0,
      "p95": 16468.0,
      "p99": 16470.0
    },
    "ttft_ms": {
      "avg": 4923.633333333333,
      "p50": 2932.0,
      "p95": 10875.0,
      "p99": 10875.0
    }
  },
  "mode": "runtime",
  "total": 105
}
