{
  "all": {
    "avg_output_tokens": 201.14285714285714,
    "client_latency_ms": {
      "avg": 16503.561904761904,
      "p50": 20435.0,
      "p95": 28345.0,
      "p99": 28393.0
    },
    "count": 105,
    "deadline_miss_rate": 0.9238095238095239,
    "deadline_missed_count": 97,
    "queue_wait_ms": {
      "avg": 8621.009523809524,
      "p50": 10242.0,
      "p95": 20218.0,
      "p99": 20343.0
    },
    "total_latency_ms": {
      "avg": 16485.24761904762,
      "p50": 20408.0,
      "p95": 28333.0,
      "p99": 28372.0
    },
    "ttft_ms": {
      "avg": 7864.238095238095,
      "p50": 10055.0,
      "p95": 10473.0,
      "p99": 10481.0
    }
  },
  "case": "codegen_decode_pressure",
  "completed": 105,
  "failed": 0,
  "focus": {
    "avg_output_tokens": 64.0,
    "client_latency_ms": {
      "avg": 6114.0,
      "p50": 5433.0,
      "p95": 12661.0,
      "p99": 12664.0
    },
    "count": 30,
    "deadline_miss_rate": 0.7333333333333333,
    "deadline_missed_count": 22,
    "queue_wait_ms": {
      "avg": 3431.3333333333335,
      "p50": 2817.0,
      "p95": 10071.0,
      "p99": 10072.0
    },
    "total_latency_ms": {
      "avg": 6098.566666666667,
      "p50": 5419.0,
      "p95": 12651.0,
      "p99": 12653.0
    },
    "ttft_ms": {
      "avg": 2667.233333333333,
      "p50": 2614.0,
      "p95": 2839.0,
      "p99": 2843.0
    }
  },
  "mode": "runtime",
  "total": 105
}
