{
  "all": {
    "avg_output_tokens": 201.14285714285714,
    "client_latency_ms": {
      "avg": 16774.314285714285,
      "p50": 20832.0,
      "p95": 28125.0,
      "p99": 28274.0
    },
    "count": 105,
    "deadline_miss_rate": 0.9238095238095239,
    "deadline_missed_count": 97,
    "queue_wait_ms": {
      "avg": 8845.295238095237,
      "p50": 10613.0,
      "p95": 18051.0,
      "p99": 20129.0
    },
    "total_latency_ms": {
      "avg": 16758.97142857143,
      "p50": 20813.0,
      "p95": 28120.0,
      "p99": 28256.0
    },
    "ttft_ms": {
      "avg": 7913.676190476191,
      "p50": 10085.0,
      "p95": 10609.0,
      "p99": 10610.0
    }
  },
  "case": "codegen_decode_pressure",
  "completed": 105,
  "failed": 0,
  "focus": {
    "avg_output_tokens": 64.0,
    "client_latency_ms": {
      "avg": 7486.8,
      "p50": 5575.0,
      "p95": 15272.0,
      "p99": 17831.0
    },
    "count": 30,
    "deadline_miss_rate": 0.7333333333333333,
    "deadline_missed_count": 22,
    "queue_wait_ms": {
      "avg": 4784.266666666666,
      "p50": 2832.0,
      "p95": 12743.0,
      "p99": 15297.0
    },
    "total_latency_ms": {
      "avg": 7474.433333333333,
      "p50": 5561.0,
      "p95": 15265.0,
      "p99": 17820.0
    },
    "ttft_ms": {
      "avg": 2690.1666666666665,
      "p50": 2723.0,
      "p95": 2817.0,
      "p99": 2817.0
    }
  },
  "mode": "runtime",
  "total": 105
}
