{
  "all": {
    "avg_output_tokens": 201.14285714285714,
    "client_latency_ms": {
      "avg": 16411.990476190476,
      "p50": 15894.0,
      "p95": 28102.0,
      "p99": 28142.0
    },
    "count": 105,
    "deadline_miss_rate": 0.8476190476190476,
    "deadline_missed_count": 89,
    "queue_wait_ms": {
      "avg": 8419.561904761904,
      "p50": 10309.0,
      "p95": 17866.0,
      "p99": 17879.0
    },
    "total_latency_ms": {
      "avg": 16394.838095238094,
      "p50": 15887.0,
      "p95": 28092.0,
      "p99": 28129.0
    },
    "ttft_ms": {
      "avg": 7975.27619047619,
      "p50": 10098.0,
      "p95": 10326.0,
      "p99": 10479.0
    }
  },
  "case": "codegen_decode_pressure",
  "completed": 105,
  "failed": 0,
  "focus": {
    "avg_output_tokens": 64.0,
    "client_latency_ms": {
      "avg": 4167.366666666667,
      "p50": 3025.0,
      "p95": 12842.0,
      "p99": 12881.0
    },
    "count": 30,
    "deadline_miss_rate": 0.4666666666666667,
    "deadline_missed_count": 14,
    "queue_wait_ms": {
      "avg": 1345.4666666666667,
      "p50": 21.0,
      "p95": 10309.0,
      "p99": 10309.0
    },
    "total_latency_ms": {
      "avg": 4145.3,
      "p50": 2997.0,
      "p95": 12834.0,
      "p99": 12873.0
    },
    "ttft_ms": {
      "avg": 2799.8333333333335,
      "p50": 2976.0,
      "p95": 2983.0,
      "p99": 2983.0
    }
  },
  "mode": "runtime",
  "total": 105
}
