{
  "all": {
    "avg_output_tokens": 201.14285714285714,
    "client_latency_ms": {
      "avg": 16525.380952380954,
      "p50": 21084.0,
      "p95": 30550.0,
      "p99": 30825.0
    },
    "count": 105,
    "deadline_miss_rate": 0.9142857142857143,
    "deadline_missed_count": 96,
    "queue_wait_ms": {
      "avg": 8460.038095238095,
      "p50": 11205.0,
      "p95": 20950.0,
      "p99": 21896.0
    },
    "total_latency_ms": {
      "avg": 16503.628571428573,
      "p50": 21074.0,
      "p95": 30539.0,
      "p99": 30819.0
    },
    "ttft_ms": {
      "avg": 8043.590476190476,
      "p50": 9788.0,
      "p95": 11218.0,
      "p99": 11221.0
    }
  },
  "case": "codegen_decode_pressure",
  "completed": 105,
  "failed": 0,
  "focus": {
    "avg_output_tokens": 64.0,
    "client_latency_ms": {
      "avg": 3386.8333333333335,
      "p50": 3484.0,
      "p95": 3524.0,
      "p99": 3526.0
    },
    "count": 30,
    "deadline_miss_rate": 0.7,
    "deadline_missed_count": 21,
    "queue_wait_ms": {
      "avg": 119.23333333333333,
      "p50": 4.0,
      "p95": 16.0,
      "p99": 17.0
    },
    "total_latency_ms": {
      "avg": 3365.866666666667,
      "p50": 3458.0,
      "p95": 3491.0,
      "p99": 3492.0
    },
    "ttft_ms": {
      "avg": 3246.633333333333,
      "p50": 3450.0,
      "p95": 3487.0,
      "p99": 3488.0
    }
  },
  "mode": "runtime",
  "total": 105
}
