{
  "all": {
    "avg_output_tokens": 201.14285714285714,
    "client_latency_ms": {
      "avg": 16272.809523809523,
      "p50": 20530.0,
      "p95": 28442.0,
      "p99": 28619.0
    },
    "count": 105,
    "deadline_miss_rate": 0.8476190476190476,
    "deadline_missed_count": 89,
    "queue_wait_ms": {
      "avg": 8381.933333333332,
      "p50": 10429.0,
      "p95": 18258.0,
      "p99": 20396.0
    },
    "total_latency_ms": {
      "avg": 16256.32380952381,
      "p50": 20522.0,
      "p95": 28434.0,
      "p99": 28603.0
    },
    "ttft_ms": {
      "avg": 7874.390476190476,
      "p50": 10097.0,
      "p95": 10421.0,
      "p99": 10424.0
    }
  },
  "case": "codegen_decode_pressure",
  "completed": 105,
  "failed": 0,
  "focus": {
    "avg_output_tokens": 64.0,
    "client_latency_ms": {
      "avg": 4107.166666666667,
      "p50": 2900.0,
      "p95": 5458.0,
      "p99": 5464.0
    },
    "count": 30,
    "deadline_miss_rate": 0.4666666666666667,
    "deadline_missed_count": 14,
    "queue_wait_ms": {
      "avg": 1406.7333333333333,
      "p50": 20.0,
      "p95": 2885.0,
      "p99": 2887.0
    },
    "total_latency_ms": {
      "avg": 4092.5666666666666,
      "p50": 2878.0,
      "p95": 5445.0,
      "p99": 5447.0
    },
    "ttft_ms": {
      "avg": 2685.8333333333335,
      "p50": 2660.0,
      "p95": 2862.0,
      "p99": 2862.0
    }
  },
  "mode": "runtime",
  "total": 105
}
