{
  "all": {
    "avg_output_tokens": 201.14285714285714,
    "client_latency_ms": {
      "avg": 16834.10476190476,
      "p50": 21402.0,
      "p95": 29654.0,
      "p99": 29740.0
    },
    "count": 105,
    "deadline_miss_rate": 0.8476190476190476,
    "deadline_missed_count": 89,
    "queue_wait_ms": {
      "avg": 8692.295238095237,
      "p50": 10274.0,
      "p95": 19412.0,
      "p99": 21756.0
    },
    "total_latency_ms": {
      "avg": 16817.69523809524,
      "p50": 21380.0,
      "p95": 29632.0,
      "p99": 29724.0
    },
    "ttft_ms": {
      "avg": 8125.4,
      "p50": 10264.0,
      "p95": 11110.0,
      "p99": 11111.0
    }
  },
  "case": "codegen_decode_pressure",
  "completed": 105,
  "failed": 0,
  "focus": {
    "avg_output_tokens": 64.0,
    "client_latency_ms": {
      "avg": 4031.733333333333,
      "p50": 2824.0,
      "p95": 5400.0,
      "p99": 5403.0
    },
    "count": 30,
    "deadline_miss_rate": 0.4666666666666667,
    "deadline_missed_count": 14,
    "queue_wait_ms": {
      "avg": 1380.8333333333333,
      "p50": 20.0,
      "p95": 2819.0,
      "p99": 2819.0
    },
    "total_latency_ms": {
      "avg": 4018.4,
      "p50": 2807.0,
      "p95": 5384.0,
      "p99": 5385.0
    },
    "ttft_ms": {
      "avg": 2637.5666666666666,
      "p50": 2584.0,
      "p95": 2790.0,
      "p99": 2790.0
    }
  },
  "mode": "runtime",
  "total": 105
}
