{
  "all": {
    "avg_output_tokens": 201.14285714285714,
    "client_latency_ms": {
      "avg": 11595.295238095237,
      "p50": 14863.0,
      "p95": 16033.0,
      "p99": 16037.0
    },
    "count": 105,
    "deadline_miss_rate": 0.8952380952380953,
    "deadline_missed_count": 94,
    "queue_wait_ms": {
      "avg": 0.0,
      "p50": 0.0,
      "p95": 0.0,
      "p99": 0.0
    },
    "total_latency_ms": {
      "avg": 11595.295238095237,
      "p50": 14863.0,
      "p95": 16033.0,
      "p99": 16037.0
    },
    "ttft_ms": {
      "avg": 11595.295238095237,
      "p50": 14863.0,
      "p95": 16033.0,
      "p99": 16037.0
    }
  },
  "case": "codegen_decode_pressure",
  "completed": 105,
  "failed": 0,
  "focus": {
    "avg_output_tokens": 64.0,
    "client_latency_ms": {
      "avg": 4188.233333333334,
      "p50": 4224.0,
      "p95": 4269.0,
      "p99": 4269.0
    },
    "count": 30,
    "deadline_miss_rate": 1.0,
    "deadline_missed_count": 30,
    "queue_wait_ms": {
      "avg": 0.0,
      "p50": 0.0,
      "p95": 0.0,
      "p99": 0.0
    },
    "total_latency_ms": {
      "avg": 4188.233333333334,
      "p50": 4224.0,
      "p95": 4269.0,
      "p99": 4269.0
    },
    "ttft_ms": {
      "avg": 4188.233333333334,
      "p50": 4224.0,
      "p95": 4269.0,
      "p99": 4269.0
    }
  },
  "mode": "direct-openai",
  "total": 105
}
